{
  "backend/src/utils/logger.ts": 0.5810239981235648,
  "backend/src/app.ts": 0.1133173648260847,
  "backend/src/config/database.ts": 0.27987690041040136,
  "backend/src/utils/auth.ts": 0.24402193495348307,
  "backend/src/utils/sanitize.ts": 0.2985243634238699,
  "backend/src/routes/auth.routes.ts": 0.11334268394207557,
  "backend/src/middleware/requireAuth.ts": 0.17956647047645255,
  "backend/src/routes/ai-readiness.routes.ts": 0.11606935797186105,
  "backend/src/routes/community.routes.ts": 0.11606935797186105,
  "backend/src/routes/vendor.routes.ts": 0.11606935797186105,
  "backend/src/middleware/auth.ts": 0.13758844735696701,
  "backend/src/utils/datetime.ts": 0.20925624267044904,
  "backend/src/config/environment.ts": 0.35488479173034493,
  "backend/src/routes/user.routes.ts": 0.11334268394207557,
  "backend/src/routes/admin.routes.ts": 0.11606935797186105,
  "backend/src/routes/oauth.routes.ts": 0.1037993248378264,
  "backend/src/utils/pagination.ts": 0.16621852466971454,
  "backend/src/routes/__tests__/auth.routes.test.ts": 0.10104733169205006,
  "backend/src/routes/__tests__/user.routes.test.ts": 0.10104733169205006,
  "backend/src/utils/response.ts": 0.13348199570728644,
  "backend/src/routes/__tests__/admin.routes.test.ts": 0.10104733169205006,
  "backend/src/routes/__tests__/vendor.routes.test.ts": 0.10104733169205006,
  "backend/src/routes/__tests__/community.routes.test.ts": 0.10104733169205006,
  "backend/src/routes/__tests__/ai-readiness.routes.test.ts": 0.10104733169205006,
  "backend/src/server.ts": 0.10104733169205006,
  "backend/src/middleware/errorHandler.ts": 0.13242940215057392,
  "backend/src/middleware/auditLogger.ts": 0.1037993248378264,
  "backend/src/database/seed.ts": 0.10104733169205006,
  "backend/src/services/email.service.ts": 0.10987027430326529,
  "backend/src/middleware/validation.ts": 0.1037993248378264,
  "backend/src/routes/upload.routes.ts": 0.1037993248378264,
  "backend/src/middleware/__tests__/requireAuth.test.ts": 0.10104733169205006,
  "backend/src/utils/__tests__/response.test.ts": 0.10104733169205006,
  "backend/src/middleware/__tests__/errorHandler.test.ts": 0.10104733169205006,
  "backend/src/utils/__tests__/pagination.test.ts": 0.10104733169205006,
  "backend/src/utils/__tests__/sanitize.test.ts": 0.10104733169205006,
  "backend/src/utils/__tests__/auth.test.ts": 0.10104733169205006,
  "backend/src/utils/__tests__/logger.test.ts": 0.10104733169205006
}